  0.000000000000000E+000,  0.000000000000000E+000
  1.000000000000000E-003,   117.892018180644     
  2.000000000000000E-003,   90.2828006812572     
  3.000000000000000E-003,   106.618697009595     
  4.000000000000000E-003,   94.9893975710743     
  5.000000000000000E-003,   104.015323324233     
  6.000000000000000E-003,   96.6391958390818     
  7.000000000000000E-003,   102.881390718319     
  8.000000000000000E-003,   97.4685441937428     
  9.000000000000001E-003,   102.241104788918     
  1.000000000000000E-002,   97.9734826582534     
  1.100000000000000E-002,   101.831389807929     
  1.200000000000000E-002,   98.3012015572310     
  1.300000000000000E-002,   101.544119805870     
  1.400000000000001E-002,   98.5392605140429     
  1.500000000000001E-002,   101.336832077597     
  1.600000000000001E-002,   98.7206173149588     
  1.700000000000001E-002,   101.176364487456     
  1.800000000000001E-002,   98.8610013097999     
  1.900000000000001E-002,   101.058798014562     
  2.000000000000001E-002,   98.9782015333270     
  2.100000000000001E-002,   100.954695624109     
  2.200000000000001E-002,   99.0714765683139     
  2.300000000000001E-002,   100.875538573680     
  2.400000000000001E-002,   99.1463486344028     
  2.500000000000002E-002,   100.801890994020     
  2.600000000000002E-002,   99.2111764737302     
  2.700000000000002E-002,   100.740419406432     
  2.800000000000002E-002,   99.2635191391365     
  2.900000000000002E-002,   100.688811082330     
  3.000000000000002E-002,   99.3118282587475     
  3.100000000000002E-002,   100.644043616499     
  3.200000000000002E-002,   99.3573359442180     
  3.300000000000002E-002,   100.610208303123     
  3.400000000000002E-002,   99.3988167996424     
  3.500000000000002E-002,   100.576289582520     
  3.600000000000003E-002,   99.4333989246539     
  3.700000000000003E-002,   100.549419295672     
  3.800000000000003E-002,   99.4672136012810     
  3.900000000000003E-002,   100.519930368360     
  4.000000000000003E-002,   99.4923894996364     
  4.100000000000003E-002,   100.494760159211     
  4.200000000000003E-002,   99.5129239266206     
  4.300000000000003E-002,   100.466797391342     
  4.400000000000003E-002,   99.5359549588637     
  4.500000000000003E-002,   100.449323096084     
  4.600000000000003E-002,   99.5556147633250     
  4.700000000000003E-002,   100.429488803350     
  4.800000000000004E-002,   99.5719928818412     
  4.900000000000004E-002,   100.406569002693     
  5.000000000000004E-002,   99.5839543333511     
  5.100000000000004E-002,   100.391396659303     
  5.200000000000004E-002,   99.6020647453814     
  5.300000000000004E-002,   100.379576040645     
  5.400000000000004E-002,   99.6202570879770     
  5.500000000000004E-002,   100.369048235195     
  5.600000000000004E-002,   99.6349200982068     
  5.700000000000004E-002,   100.359775588046     
  5.800000000000004E-002,   99.6541278870430     
  5.900000000000005E-002,   100.353215259775     
  6.000000000000005E-002,   99.6696262746813     
  6.100000000000005E-002,   100.344457201505     
  6.200000000000005E-002,   99.6816104634288     
  6.300000000000004E-002,   100.331959281441     
  6.400000000000004E-002,   99.6903949235255     
  6.500000000000004E-002,   100.320818622560     
  6.600000000000004E-002,   99.6993691812904     
  6.700000000000005E-002,   100.311128686925     
  6.800000000000005E-002,   99.7042952604750     
  6.900000000000005E-002,   100.297832542776     
  7.000000000000005E-002,   99.7126811061774     
  7.100000000000005E-002,   100.294776748005     
  7.200000000000005E-002,   99.7229312427442     
  7.300000000000005E-002,   100.290396986485     
  7.400000000000005E-002,   99.7334253080363     
  7.500000000000005E-002,   100.281419996909     
  7.600000000000005E-002,   99.7344511380894     
  7.700000000000005E-002,   100.267168343345     
  7.800000000000006E-002,   99.7342665436954     
  7.900000000000006E-002,   100.256939974019     
  8.000000000000006E-002,   99.7416920392053     
  8.100000000000006E-002,   100.247652160387     
  8.200000000000006E-002,   99.7439955128023     
  8.300000000000006E-002,   100.240825393931     
  8.400000000000006E-002,   99.7470054924958     
  8.500000000000006E-002,   100.232326887914     
  8.600000000000006E-002,   99.7579031856970     
  8.700000000000006E-002,   100.235767642833     
  8.800000000000006E-002,   99.7702761225723     
  8.900000000000007E-002,   100.242018370546     
  9.000000000000007E-002,   99.7838325714918     
  9.100000000000007E-002,   100.235254512181     
  9.200000000000007E-002,   99.7881867600182     
  9.300000000000007E-002,   100.234600943228     
  9.400000000000007E-002,   99.7921808342741     
  9.500000000000007E-002,   100.228041061444     
  9.600000000000007E-002,   99.7992197422966     
  9.700000000000007E-002,   100.221902045138     
  9.800000000000007E-002,   99.7967586386113     
  9.900000000000007E-002,   100.214307408857     
  0.100000000000000     ,   99.7978976941937     
  0.101000000000000     ,   100.208959501196     
  0.102000000000000     ,   99.8046911442210     
  0.103000000000000     ,   100.206828140342     
  0.104000000000000     ,   99.8052930286199     
  0.105000000000000     ,   100.201545764927     
  0.106000000000000     ,   99.8078758817191     
  0.107000000000000     ,   100.194147260776     
  0.108000000000000     ,   99.8114991109661     
  0.109000000000000     ,   100.192669256855     
  0.110000000000000     ,   99.8135970690554     
  0.111000000000000     ,   100.186751597577     
  0.112000000000000     ,   99.8157867109127     
  0.113000000000000     ,   100.181422253326     
  0.114000000000000     ,   99.8179259345050     
  0.115000000000000     ,   100.182528633635     
  0.116000000000000     ,   99.8226967732450     
  0.117000000000000     ,   100.178330624369     
  0.118000000000000     ,   99.8246706657480     
  0.119000000000000     ,   100.176875418120     
  0.120000000000000     ,   99.8268223460433     
  0.121000000000000     ,   100.174660344568     
  0.122000000000000     ,   99.8341122506292     
  0.123000000000000     ,   100.174044131737     
  0.124000000000000     ,   99.8336399065357     
  0.125000000000000     ,   100.167902718020     
  0.126000000000000     ,   99.8363682343355     
  0.127000000000000     ,   100.164120447107     
  0.128000000000000     ,   99.8407743930007     
  0.129000000000000     ,   100.167916496625     
  0.130000000000000     ,   99.8434935424615     
  0.131000000000000     ,   100.157049398900     
  0.132000000000000     ,   99.8394206046995     
  0.133000000000000     ,   100.150684652625     
  0.134000000000000     ,   99.8332469068237     
  0.135000000000000     ,   100.144407480672     
  0.136000000000000     ,   99.8406328439185     
  0.137000000000000     ,   100.146469590401     
  0.138000000000000     ,   99.8411543181352     
  0.139000000000000     ,   100.143548700431     
  0.140000000000000     ,   99.8444771886963     
  0.141000000000000     ,   100.143586899443     
  0.142000000000000     ,   99.8481028545357     
  0.143000000000000     ,   100.142587977080     
  0.144000000000000     ,   99.8503756669657     
  0.145000000000000     ,   100.142239586630     
  0.146000000000000     ,   99.8503396684474     
  0.147000000000000     ,   100.137408923126     
  0.148000000000000     ,   99.8514320436252     
  0.149000000000000     ,   100.133690834159     
  0.150000000000000     ,   99.8466943204671     
  0.151000000000000     ,   100.127549582028     
  0.152000000000000     ,   99.8485327960088     
  0.153000000000000     ,   100.123740182731     
  0.154000000000000     ,   99.8505688006182     
  0.155000000000000     ,   100.129016680184     
  0.156000000000000     ,   99.8577706610716     
  0.157000000000000     ,   100.121862562001     
  0.158000000000000     ,   99.8527215700795     
  0.159000000000000     ,   100.118968530023     
  0.160000000000000     ,   99.8528830264998     
  0.161000000000000     ,   100.114991907832     
  0.162000000000000     ,   99.8566815057257     
  0.163000000000000     ,   100.118206907039     
  0.164000000000000     ,   99.8596833837624     
  0.165000000000000     ,   100.118816752342     
  0.166000000000000     ,   99.8619576310129     
  0.167000000000000     ,   100.117270355138     
  0.168000000000000     ,   99.8678712186728     
  0.169000000000000     ,   100.124962328534     
  0.170000000000000     ,   99.8708110356448     
  0.171000000000000     ,   100.121861178691     
  0.172000000000000     ,   99.8763652246269     
  0.173000000000000     ,   100.125436334038     
  0.174000000000000     ,   99.8768891677488     
  0.175000000000000     ,   100.124476886265     
  0.176000000000000     ,   99.8834305992948     
  0.177000000000000     ,   100.127126361443     
  0.178000000000000     ,   99.8851222122080     
  0.179000000000000     ,   100.124435815713     
  0.180000000000000     ,   99.8865358620609     
  0.181000000000000     ,   100.124383547079     
  0.182000000000000     ,   99.8870533964547     
  0.183000000000000     ,   100.122784502223     
  0.184000000000000     ,   99.8911431387862     
  0.185000000000000     ,   100.123220079487     
  0.186000000000000     ,   99.8888865849150     
  0.187000000000000     ,   100.119496684376     
  0.188000000000000     ,   99.8889393718553     
  0.189000000000000     ,   100.116781418830     
  0.190000000000000     ,   99.8906838271813     
  0.191000000000000     ,   100.119344360285     
  0.192000000000000     ,   99.8960503928610     
  0.193000000000000     ,   100.121908889039     
  0.194000000000000     ,   99.8963425499359     
  0.195000000000000     ,   100.115692121275     
  0.196000000000000     ,   99.8968569419533     
  0.197000000000000     ,   100.118470061408     
  0.198000000000000     ,   99.8962686675175     
  0.199000000000000     ,   100.117263833019     
  0.200000000000000     ,   99.9038223479258     
  0.201000000000000     ,   100.120147503402     
  0.202000000000000     ,   99.9031678269912     
  0.203000000000000     ,   100.123369863554     
  0.204000000000000     ,   99.9100288888867     
  0.205000000000000     ,   100.120454504944     
  0.206000000000000     ,   99.9079263076869     
  0.207000000000000     ,   100.119191225232     
  0.208000000000000     ,   99.9067932525053     
  0.209000000000000     ,   100.113471438011     
  0.210000000000000     ,   99.9089585004857     
  0.211000000000000     ,   100.116759153665     
  0.212000000000000     ,   99.9098457256289     
  0.213000000000000     ,   100.109280826598     
  0.214000000000000     ,   99.9055825460161     
  0.215000000000000     ,   100.108265399556     
  0.216000000000000     ,   99.9057376504931     
  0.217000000000000     ,   100.104294518526     
  0.218000000000000     ,   99.9047867384865     
  0.219000000000000     ,   100.103924037680     
  0.220000000000000     ,   99.9016208218920     
  0.221000000000000     ,   100.095808495818     
  0.222000000000000     ,   99.8951157382112     
  0.223000000000000     ,   100.092056853893     
  0.224000000000000     ,   99.8936810208842     
  0.225000000000000     ,   100.088438003572     
  0.226000000000000     ,   99.8906323448688     
  0.227000000000000     ,   100.088268282743     
  0.228000000000000     ,   99.8941053197926     
  0.229000000000000     ,   100.090931017658     
  0.230000000000000     ,   99.8971690152627     
  0.231000000000000     ,   100.089777225449     
  0.232000000000000     ,   99.8952750775799     
  0.233000000000000     ,   100.087761324069     
  0.234000000000000     ,   99.8973406706468     
  0.235000000000000     ,   100.087722764175     
  0.236000000000000     ,   99.9016659088268     
  0.237000000000000     ,   100.091249630471     
  0.238000000000000     ,   99.9045256867824     
  0.239000000000000     ,   100.091114186518     
  0.240000000000000     ,   99.9075248840177     
  0.241000000000000     ,   100.093620917529     
  0.242000000000000     ,   99.9127244594149     
  0.243000000000000     ,   100.098843394769     
  0.244000000000000     ,   99.9138069189143     
  0.245000000000000     ,   100.094095623091     
  0.246000000000000     ,   99.9103380371297     
  0.247000000000000     ,   100.092551519667     
  0.248000000000000     ,   99.9114396966476     
  0.249000000000000     ,   100.093023978941     
  0.250000000000000     ,   99.9105354931711     
  0.251000000000000     ,   100.089856302292     
  0.252000000000000     ,   99.9101945397104     
  0.253000000000000     ,   100.085851619002     
  0.254000000000000     ,   99.9036005578723     
  0.255000000000000     ,   100.083959011648     
  0.256000000000000     ,   99.9096851359415     
  0.257000000000000     ,   100.084450833318     
  0.258000000000000     ,   99.9047561850293     
  0.259000000000000     ,   100.082621499247     
  0.260000000000000     ,   99.9079800302378     
  0.261000000000000     ,   100.080530527815     
  0.262000000000000     ,   99.9051487032136     
  0.263000000000000     ,   100.081128326813     
  0.264000000000000     ,   99.9099418625925     
  0.265000000000000     ,   100.084174668791     
  0.266000000000000     ,   99.9148138917233     
  0.267000000000000     ,   100.086623600699     
  0.268000000000000     ,   99.9159262478346     
  0.269000000000000     ,   100.086294099452     
  0.270000000000000     ,   99.9139336102573     
  0.271000000000000     ,   100.079462372381     
  0.272000000000000     ,   99.9113621163246     
  0.273000000000000     ,   100.082035302489     
  0.274000000000000     ,   99.9136079402291     
  0.275000000000000     ,   100.080230526146     
  0.276000000000000     ,   99.9142052949448     
  0.277000000000000     ,   100.079216150534     
  0.278000000000000     ,   99.9138046271200     
  0.279000000000000     ,   100.077466445055     
  0.280000000000000     ,   99.9119860608926     
  0.281000000000000     ,   100.075456570354     
  0.282000000000000     ,   99.9135228666933     
  0.283000000000000     ,   100.071260127498     
  0.284000000000000     ,   99.9060516668940     
  0.285000000000000     ,   100.072211838608     
  0.286000000000000     ,   99.9111193609416     
  0.287000000000000     ,   100.069292478650     
  0.288000000000000     ,   99.9076338434136     
  0.289000000000000     ,   100.070990757792     
  0.290000000000000     ,   99.9057072566684     
  0.291000000000000     ,   100.065236187731     
  0.292000000000000     ,   99.9094667208319     
  0.293000000000000     ,   100.072460972922     
  0.294000000000000     ,   99.9147530812494     
  0.295000000000000     ,   100.075525127900     
  0.296000000000000     ,   99.9174994369225     
  0.297000000000000     ,   100.070955867072     
  0.298000000000000     ,   99.9129840899257     
  0.299000000000000     ,   100.073483777332     
  0.300000000000000     ,   99.9201375376848     
  0.301000000000000     ,   100.079130466261     
  0.302000000000000     ,   99.9241906097835     
  0.303000000000000     ,   100.082860240887     
  0.304000000000000     ,   99.9234817813695     
  0.305000000000000     ,   100.076615996227     
  0.306000000000000     ,   99.9186553186723     
  0.307000000000000     ,   100.077096852756     
  0.308000000000000     ,   99.9228491479402     
  0.309000000000000     ,   100.078711772738     
  0.310000000000000     ,   99.9249135584390     
  0.311000000000000     ,   100.081587819202     
  0.312000000000000     ,   99.9316952850702     
  0.313000000000000     ,   100.087982160774     
  0.314000000000000     ,   99.9379523166686     
  0.315000000000000     ,   100.094468236745     
  0.316000000000000     ,   99.9441778410991     
  0.317000000000000     ,   100.095997509134     
  0.318000000000000     ,   99.9434206783719     
  0.319000000000000     ,   100.096229794374     
  0.320000000000000     ,   99.9430769095371     
  0.321000000000000     ,   100.094196699125     
  0.322000000000000     ,   99.9427125777331     
  0.323000000000000     ,   100.089961119241     
  0.324000000000000     ,   99.9355460225738     
  0.325000000000000     ,   100.085711052324     
  0.326000000000000     ,   99.9377262179466     
  0.327000000000000     ,   100.085029858883     
  0.328000000000000     ,   99.9381851681810     
  0.329000000000000     ,   100.090279683331     
  0.330000000000000     ,   99.9437224749092     
  0.331000000000000     ,   100.086933037606     
  0.332000000000000     ,   99.9367821227994     
  0.333000000000000     ,   100.082652643573     
  0.334000000000000     ,   99.9324211882347     
  0.335000000000000     ,   100.073662585054     
  0.336000000000000     ,   99.9265742174830     
  0.337000000000000     ,   100.075788504022     
  0.338000000000000     ,   99.9281206189813     
  0.339000000000000     ,   100.070134820698     
  0.340000000000000     ,   99.9236726222078     
  0.341000000000000     ,   100.068896943054     
  0.342000000000000     ,   99.9221472282268     
  0.343000000000000     ,   100.070753990032     
  0.344000000000000     ,   99.9304705766098     
  0.345000000000000     ,   100.076594572765     
  0.346000000000000     ,   99.9326749189952     
  0.347000000000000     ,   100.078630002621     
  0.348000000000000     ,   99.9302682317170     
  0.349000000000000     ,   100.070797379365     
  0.350000000000000     ,   99.9302620507508     
  0.351000000000000     ,   100.076522069439     
  0.352000000000000     ,   99.9301326207441     
  0.353000000000000     ,   100.069777554166     
  0.354000000000000     ,   99.9274756013831     
  0.355000000000000     ,   100.066686093500     
  0.356000000000000     ,   99.9225033849646     
  0.357000000000000     ,   100.063014926905     
  0.358000000000000     ,   99.9231121902354     
  0.359000000000000     ,   100.062070996231     
  0.360000000000000     ,   99.9215152338105     
  0.361000000000000     ,   100.060096528083     
  0.362000000000000     ,   99.9188834907765     
  0.363000000000000     ,   100.058199661795     
  0.364000000000000     ,   99.9208921876891     
  0.365000000000000     ,   100.060532447323     
  0.366000000000000     ,   99.9178021108714     
  0.367000000000000     ,   100.055735551147     
  0.368000000000000     ,   99.9183212435730     
  0.369000000000000     ,   100.061039678975     
  0.370000000000000     ,   99.9205665651728     
  0.371000000000000     ,   100.059914961669     
  0.372000000000000     ,   99.9228874797309     
  0.373000000000000     ,   100.065094366041     
  0.374000000000000     ,   99.9238349522752     
  0.375000000000000     ,   100.062336423318     
  0.376000000000000     ,   99.9275145853480     
  0.377000000000000     ,   100.068467820459     
  0.378000000000000     ,   99.9273163595528     
  0.379000000000000     ,   100.063823705958     
  0.380000000000000     ,   99.9283564457110     
  0.381000000000000     ,   100.066976020910     
  0.382000000000000     ,   99.9287175777823     
  0.383000000000000     ,   100.067956540337     
  0.384000000000000     ,   99.9328649215082     
  0.385000000000000     ,   100.069780124130     
  0.386000000000000     ,   99.9309094915901     
  0.387000000000000     ,   100.070569382775     
  0.388000000000000     ,   99.9371225241079     
  0.389000000000000     ,   100.073158443473     
  0.390000000000000     ,   99.9330483717664     
  0.391000000000000     ,   100.068801811795     
  0.392000000000000     ,   99.9327641629442     
  0.393000000000000     ,   100.062911587565     
  0.394000000000000     ,   99.9242468714952     
  0.395000000000000     ,   100.060758950310     
  0.396000000000000     ,   99.9273712058552     
  0.397000000000000     ,   100.059672084150     
  0.398000000000000     ,   99.9253420791359     
  0.399000000000000     ,   100.061309327239     
  0.400000000000000     ,   99.9283614851334     
  0.401000000000000     ,   100.064427100578     
  0.402000000000000     ,   99.9299839579300     
  0.403000000000000     ,   100.062047392033     
  0.404000000000000     ,   99.9278704263265     
  0.405000000000000     ,   100.062627711172     
  0.406000000000000     ,   99.9268186302458     
  0.407000000000000     ,   100.058326110166     
  0.408000000000000     ,   99.9261581039092     
  0.409000000000000     ,   100.059303933204     
  0.410000000000000     ,   99.9253151510889     
  0.411000000000000     ,   100.058385237755     
  0.412000000000000     ,   99.9273924733855     
  0.413000000000000     ,   100.062892516835     
  0.414000000000000     ,   99.9316847467641     
  0.415000000000000     ,   100.066397610350     
  0.416000000000000     ,   99.9357607919001     
  0.417000000000000     ,   100.072474640710     
  0.418000000000000     ,   99.9392188193347     
  0.419000000000000     ,   100.071338397409     
  0.420000000000000     ,   99.9387308490654     
  0.421000000000000     ,   100.069665996947     
  0.422000000000000     ,   99.9354830230321     
  0.423000000000000     ,   100.068705471450     
  0.424000000000000     ,   99.9417043962175     
  0.425000000000000     ,   100.075121983840     
  0.426000000000000     ,   99.9458063854038     
  0.427000000000000     ,   100.074057377755     
  0.428000000000000     ,   99.9397161073897     
  0.429000000000000     ,   100.069772766937     
  0.430000000000000     ,   99.9405497378306     
  0.431000000000000     ,   100.069286771658     
  0.432000000000000     ,   99.9386299398883     
  0.433000000000000     ,   100.073221372525     
  0.434000000000000     ,   99.9407221062716     
  0.435000000000000     ,   100.065023805442     
  0.436000000000000     ,   99.9332656742795     
  0.437000000000000     ,   100.067047263129     
  0.438000000000000     ,   99.9377262051432     
  0.439000000000000     ,   100.068544378590     
  0.440000000000000     ,   99.9410393781339     
  0.441000000000000     ,   100.072373111660     
  0.442000000000000     ,   99.9444888269449     
  0.443000000000000     ,   100.075601393419     
  0.444000000000000     ,   99.9454618911334     
  0.445000000000000     ,   100.072844826711     
  0.446000000000000     ,   99.9446959427962     
  0.447000000000000     ,   100.072277461351     
  0.448000000000000     ,   99.9411865530417     
  0.449000000000000     ,   100.070534196765     
  0.450000000000000     ,   99.9459280452313     
  0.451000000000000     ,   100.073694495032     
  0.452000000000000     ,   99.9433670449904     
  0.453000000000000     ,   100.070687588912     
  0.454000000000000     ,   99.9407270698735     
  0.455000000000000     ,   100.068221592734     
  0.456000000000000     ,   99.9410879082461     
  0.457000000000000     ,   100.074509193243     
  0.458000000000000     ,   99.9451174451361     
  0.459000000000000     ,   100.073384576037     
  0.460000000000000     ,   99.9413931809204     
  0.461000000000000     ,   100.070252581171     
  0.462000000000000     ,   99.9370645091341     
  0.463000000000000     ,   100.064940087073     
  0.464000000000000     ,   99.9373539769082     
  0.465000000000000     ,   100.067058565372     
  0.466000000000000     ,   99.9357754287428     
  0.467000000000000     ,   100.061367356965     
  0.468000000000000     ,   99.9346144133324     
  0.469000000000000     ,   100.059701510345     
  0.470000000000000     ,   99.9308397846770     
  0.471000000000000     ,   100.060739097069     
  0.472000000000000     ,   99.9361761512563     
  0.473000000000000     ,   100.061283186149     
  0.474000000000000     ,   99.9353364644381     
  0.475000000000000     ,   100.067478194938     
  0.476000000000000     ,   99.9393879003059     
  0.477000000000000     ,   100.064575643439     
  0.478000000000000     ,   99.9381639172968     
  0.479000000000000     ,   100.065716674869     
  0.480000000000000     ,   99.9333310383321     
  0.481000000000000     ,   100.058593539645     
  0.482000000000000     ,   99.9316539315095     
  0.483000000000000     ,   100.059059609406     
  0.484000000000000     ,   99.9311572711155     
  0.485000000000000     ,   100.059198876216     
  0.486000000000000     ,   99.9300830672658     
  0.487000000000000     ,   100.056544650829     
  0.488000000000000     ,   99.9293147447246     
  0.489000000000000     ,   100.058649642903     
  0.490000000000000     ,   99.9333009936063     
  0.491000000000000     ,   100.064741778679     
  0.492000000000000     ,   99.9395721817047     
  0.493000000000000     ,   100.065935922360     
  0.494000000000000     ,   99.9368040173987     
  0.495000000000000     ,   100.060671103366     
  0.496000000000000     ,   99.9313887616738     
  0.497000000000000     ,   100.056812754583     
  0.498000000000000     ,   99.9292644748969     
  0.499000000000000     ,   100.054258599211     
  0.500000000000000     ,   99.9268003102350     
  0.501000000000000     ,   100.054400210405     
  0.502000000000000     ,   99.9262563428277     
  0.503000000000000     ,   100.053623478353     
  0.504000000000000     ,   99.9276209669980     
  0.505000000000000     ,   100.055279358372     
  0.506000000000000     ,   99.9257705407740     
  0.507000000000000     ,   100.051967072233     
  0.508000000000000     ,   99.9257562550331     
  0.509000000000000     ,   100.052068942973     
  0.510000000000000     ,   99.9253817431456     
  0.511000000000000     ,   100.050175716454     
  0.512000000000000     ,   99.9225049307724     
  0.513000000000000     ,   100.045991390645     
  0.514000000000000     ,   99.9197236515318     
  0.515000000000000     ,   100.046915202073     
  0.516000000000000     ,   99.9238541506583     
  0.517000000000000     ,   100.054377993607     
  0.518000000000000     ,   99.9301279775913     
  0.519000000000000     ,   100.059220646970     
  0.520000000000000     ,   99.9334732697122     
  0.521000000000000     ,   100.062281639221     
  0.522000000000000     ,   99.9347136513304     
  0.523000000000000     ,   100.062689795254     
  0.524000000000000     ,   99.9341632318448     
  0.525000000000000     ,   100.058497912752     
  0.526000000000000     ,   99.9291410701452     
  0.527000000000000     ,   100.058472058212     
  0.528000000000000     ,   99.9357985596710     
  0.529000000000000     ,   100.065932830193     
  0.530000000000000     ,   99.9404657999938     
  0.531000000000000     ,   100.069710978405     
  0.532000000000000     ,   99.9427988695793     
  0.533000000000000     ,   100.069298132405     
  0.534000000000000     ,   99.9400354767233     
  0.535000000000000     ,   100.070914188778     
  0.536000000000000     ,   99.9457123807977     
  0.537000000000000     ,   100.074758184810     
  0.538000000000000     ,   99.9417686461944     
  0.539000000000000     ,   100.067889618366     
  0.540000000000000     ,   99.9386620273218     
  0.541000000000000     ,   100.067163856972     
  0.542000000000000     ,   99.9371961388669     
  0.543000000000000     ,   100.069025975309     
  0.544000000000000     ,   99.9469866773911     
  0.545000000000000     ,   100.079231593296     
  0.546000000000000     ,   99.9523955383905     
  0.547000000000000     ,   100.082668426328     
  0.548000000000000     ,   99.9554899870762     
  0.549000000000000     ,   100.081150037718     
  0.550000000000000     ,   99.9505128815142     
  0.551000000000000     ,   100.076692585119     
  0.552000000000000     ,   99.9464560695472     
  0.553000000000000     ,   100.074761137837     
  0.554000000000000     ,   99.9471216112904     
  0.555000000000000     ,   100.074884101783     
  0.556000000000000     ,   99.9449557646860     
  0.557000000000000     ,   100.075507349483     
  0.558000000000000     ,   99.9464451489932     
  0.559000000000000     ,   100.073068034809     
  0.560000000000000     ,   99.9427305391502     
  0.561000000000000     ,   100.072392227466     
  0.562000000000000     ,   99.9409771714004     
  0.563000000000000     ,   100.066937979002     
  0.564000000000000     ,   99.9375881675262     
  0.565000000000000     ,   100.068177651526     
  0.566000000000000     ,   99.9372780064560     
  0.567000000000000     ,   100.063254221816     
  0.568000000000000     ,   99.9315427052430     
  0.569000000000000     ,   100.062648863347     
  0.570000000000000     ,   99.9343056715209     
  0.571000000000000     ,   100.065549765375     
  0.572000000000000     ,   99.9360989924306     
  0.573000000000000     ,   100.069501318729     
  0.574000000000000     ,   99.9390119570534     
  0.575000000000000     ,   100.064296087794     
  0.576000000000000     ,   99.9278771972915     
  0.577000000000000     ,   100.057506684405     
  0.578000000000000     ,   99.9276559356264     
  0.579000000000000     ,   100.055673323668     
  0.580000000000000     ,   99.9240214035588     
  0.581000000000000     ,   100.057058391832     
  0.582000000000000     ,   99.9294819859741     
  0.583000000000000     ,   100.061329751042     
  0.584000000000000     ,   99.9309029509636     
  0.585000000000000     ,   100.063456895501     
  0.586000000000000     ,   99.9316265390920     
  0.587000000000000     ,   100.063910411590     
  0.588000000000000     ,   99.9319777443368     
  0.589000000000000     ,   100.064109788619     
  0.590000000000000     ,   99.9305704475859     
  0.591000000000000     ,   100.064769917493     
  0.592000000000000     ,   99.9331292140540     
  0.593000000000000     ,   100.063836485303     
  0.594000000000000     ,   99.9299796226591     
  0.595000000000000     ,   100.066728634322     
  0.596000000000000     ,   99.9367040615215     
  0.597000000000000     ,   100.069732934225     
  0.598000000000000     ,   99.9363229562035     
  0.599000000000000     ,   100.072200927415     
  0.600000000000000     ,   99.9386617400249     
  0.601000000000000     ,   100.074760792971     
  0.602000000000000     ,   99.9408294433138     
  0.603000000000000     ,   100.074231296723     
  0.604000000000000     ,   99.9382873346964     
  0.605000000000000     ,   100.073082443392     
  0.606000000000000     ,   99.9359471557563     
  0.607000000000000     ,   100.069715502421     
  0.608000000000000     ,   99.9390052017138     
  0.609000000000000     ,   100.073098997320     
  0.610000000000000     ,   99.9344003466142     
  0.611000000000000     ,   100.066953652903     
  0.612000000000000     ,   99.9295763546258     
  0.613000000000000     ,   100.059276702837     
  0.614000000000000     ,   99.9232582594865     
  0.615000000000000     ,   100.063427027384     
  0.616000000000000     ,   99.9251603357832     
  0.617000000000000     ,   100.059965932344     
  0.618000000000000     ,   99.9245434252345     
  0.619000000000000     ,   100.064869190996     
  0.620000000000000     ,   99.9280002140892     
  0.621000000000000     ,   100.068510509305     
  0.622000000000000     ,   99.9331078084390     
  0.623000000000000     ,   100.069520233129     
  0.624000000000000     ,   99.9301724918030     
  0.625000000000000     ,   100.063159086169     
  0.626000000000000     ,   99.9231699986685     
  0.627000000000000     ,   100.058783211351     
  0.628000000000000     ,   99.9202080360706     
  0.629000000000000     ,   100.053876085792     
  0.630000000000000     ,   99.9156158970803     
  0.631000000000000     ,   100.053423081704     
  0.632000000000000     ,   99.9150199809567     
  0.633000000000000     ,   100.055423524383     
  0.634000000000000     ,   99.9199610052476     
  0.635000000000000     ,   100.058363696417     
  0.636000000000000     ,   99.9169418460372     
  0.637000000000000     ,   100.055681830687     
  0.638000000000000     ,   99.9159314084764     
  0.639000000000000     ,   100.056003799185     
  0.640000000000000     ,   99.9161505367708     
  0.641000000000000     ,   100.055084885408     
  0.642000000000000     ,   99.9122289880674     
  0.643000000000000     ,   100.053739477782     
  0.644000000000000     ,   99.9116065051982     
  0.645000000000000     ,   100.053624913622     
  0.646000000000000     ,   99.9156877794351     
  0.647000000000000     ,   100.065322315190     
  0.648000000000000     ,   99.9251400026861     
  0.649000000000000     ,   100.068868665355     
  0.650000000000000     ,   99.9282692885400     
  0.651000000000000     ,   100.074028821392     
  0.652000000000000     ,   99.9320824860870     
  0.653000000000000     ,   100.075751652381     
  0.654000000000000     ,   99.9333826655454     
  0.655000000000000     ,   100.078677284553     
  0.656000000000000     ,   99.9387703897810     
  0.657000000000000     ,   100.085327199344     
  0.658000000000000     ,   99.9423806700152     
  0.659000000000000     ,   100.088387362419     
  0.660000000000000     ,   99.9433824294109     
  0.661000000000000     ,   100.087205881332     
  0.662000000000000     ,   99.9402027084191     
  0.663000000000000     ,   100.086394933075     
  0.664000000000000     ,   99.9400751814886     
  0.665000000000000     ,   100.089855469661     
  0.666000000000000     ,   99.9437334033833     
  0.667000000000000     ,   100.087477741884     
  0.668000000000000     ,   99.9372336388979     
  0.669000000000000     ,   100.088014646987     
  0.670000000000000     ,   99.9396150283284     
  0.671000000000000     ,   100.086433243056     
  0.672000000000000     ,   99.9397126325088     
  0.673000000000000     ,   100.091320704321     
  0.674000000000000     ,   99.9397258812010     
  0.675000000000000     ,   100.087388886221     
  0.676000000000000     ,   99.9382100443530     
  0.677000000000000     ,   100.086865873632     
  0.678000000000000     ,   99.9371571209265     
  0.679000000000000     ,   100.086084088906     
  0.680000000000000     ,   99.9354232183945     
  0.681000000000000     ,   100.084040656071     
  0.682000000000000     ,   99.9346595725943     
  0.683000000000000     ,   100.083089126136     
  0.684000000000000     ,   99.9329593605424     
  0.685000000000000     ,   100.084585097928     
  0.686000000000000     ,   99.9310699227340     
  0.687000000000000     ,   100.081487460171     
  0.688000000000001     ,   99.9282444439579     
  0.689000000000001     ,   100.078681523629     
  0.690000000000001     ,   99.9211968429050     
  0.691000000000001     ,   100.077211164419     
  0.692000000000001     ,   99.9235190473194     
  0.693000000000001     ,   100.077716580498     
  0.694000000000001     ,   99.9231683714276     
  0.695000000000001     ,   100.079193439187     
  0.696000000000001     ,   99.9225405729462     
  0.697000000000001     ,   100.075718675146     
  0.698000000000001     ,   99.9180490761531     
  0.699000000000001     ,   100.071593705995     
  0.700000000000001     ,   99.9162421002018     
  0.701000000000001     ,   100.069934044470     
  0.702000000000001     ,   99.9083215792301     
  0.703000000000001     ,   100.064524290912     
  0.704000000000001     ,   99.9098817695129     
  0.705000000000001     ,   100.067531712730     
  0.706000000000001     ,   99.9085770843710     
  0.707000000000001     ,   100.070596786442     
  0.708000000000001     ,   99.9121703385958     
  0.709000000000001     ,   100.071208406908     
  0.710000000000001     ,   99.9102767381625     
  0.711000000000001     ,   100.073003285003     
  0.712000000000001     ,   99.9143102387296     
  0.713000000000001     ,   100.080159765005     
  0.714000000000001     ,   99.9168429214672     
  0.715000000000001     ,   100.076737993382     
  0.716000000000001     ,   99.9114247241773     
  0.717000000000001     ,   100.076533102428     
  0.718000000000001     ,   99.9122380500908     
  0.719000000000001     ,   100.078831930272     
  0.720000000000001     ,   99.9170341460658     
  0.721000000000001     ,   100.087494187221     
  0.722000000000001     ,   99.9234282672124     
  0.723000000000001     ,   100.088021909695     
  0.724000000000001     ,   99.9202597997435     
  0.725000000000001     ,   100.089182564265     
  0.726000000000001     ,   99.9220049886156     
  0.727000000000001     ,   100.086380046072     
  0.728000000000001     ,   99.9176572396617     
  0.729000000000001     ,   100.089436549058     
  0.730000000000001     ,   99.9206404634034     
  0.731000000000001     ,   100.088474771701     
  0.732000000000001     ,   99.9173371294545     
  0.733000000000001     ,   100.087370425533     
  0.734000000000001     ,   99.9114167044690     
  0.735000000000001     ,   100.080359343320     
  0.736000000000001     ,   99.9077303402641     
  0.737000000000001     ,   100.081546118279     
  0.738000000000001     ,   99.9078547882848     
  0.739000000000001     ,   100.082294247807     
  0.740000000000001     ,   99.9060561045354     
  0.741000000000001     ,   100.077073180960     
  0.742000000000001     ,   99.9005512022620     
  0.743000000000001     ,   100.078079660095     
  0.744000000000001     ,   99.9029788677440     
  0.745000000000001     ,   100.081219147527     
  0.746000000000001     ,   99.9068561237581     
  0.747000000000001     ,   100.085788494190     
  0.748000000000001     ,   99.9053707757663     
  0.749000000000001     ,   100.081884153511     
  0.750000000000001     ,   99.9013023719335     
  0.751000000000001     ,   100.082877902556     
  0.752000000000001     ,   99.9027355138358     
  0.753000000000001     ,   100.082290344572     
  0.754000000000001     ,   99.8990558455465     
  0.755000000000001     ,   100.082633848743     
  0.756000000000001     ,   99.8990877185368     
  0.757000000000001     ,   100.081326483438     
  0.758000000000001     ,   99.8999492754243     
  0.759000000000001     ,   100.087266978391     
  0.760000000000001     ,   99.9047657657742     
  0.761000000000001     ,   100.089925910047     
  0.762000000000001     ,   99.9021802027903     
  0.763000000000001     ,   100.084289212498     
  0.764000000000001     ,   99.9007376868697     
  0.765000000000001     ,   100.092068339720     
  0.766000000000001     ,   99.9038502850522     
  0.767000000000001     ,   100.092168943034     
  0.768000000000001     ,   99.9052830037652     
  0.769000000000001     ,   100.096370282247     
  0.770000000000001     ,   99.8999612066353     
  0.771000000000001     ,   100.093183843554     
  0.772000000000001     ,   99.9044870359965     
  0.773000000000001     ,   100.105590814373     
  0.774000000000001     ,   99.9094852416612     
  0.775000000000001     ,   100.103218951184     
  0.776000000000001     ,   99.9045731860979     
  0.777000000000001     ,   100.102879383619     
  0.778000000000001     ,   99.9054409172499     
  0.779000000000001     ,   100.106065102766     
  0.780000000000001     ,   99.9095942415053     
  0.781000000000001     ,   100.109154138654     
  0.782000000000001     ,   99.9071697972990     
  0.783000000000001     ,   100.106253881725     
  0.784000000000001     ,   99.9023242302731     
  0.785000000000001     ,   100.107545959061     
  0.786000000000001     ,   99.9074211376538     
  0.787000000000001     ,   100.113075081092     
  0.788000000000001     ,   99.9036883441593     
  0.789000000000001     ,   100.108888006342     
  0.790000000000001     ,   99.8987161983670     
  0.791000000000001     ,   100.107974270238     
  0.792000000000001     ,   99.9034737336060     
  0.793000000000001     ,   100.117052166340     
  0.794000000000001     ,   99.9057389721532     
  0.795000000000001     ,   100.118167893840     
  0.796000000000001     ,   99.9086110777258     
  0.797000000000001     ,   100.120818291382     
  0.798000000000001     ,   99.9057522287531     
  0.799000000000001     ,   100.123734355182     
  0.800000000000001     ,   99.9100350994831     
  0.801000000000001     ,   100.125055487512     
  0.802000000000001     ,   99.9023503548431     
  0.803000000000001     ,   100.122067739016     
  0.804000000000001     ,   99.9017142404918     
  0.805000000000001     ,   100.119143960355     
  0.806000000000001     ,   99.8915110886555     
  0.807000000000001     ,   100.114507417318     
  0.808000000000001     ,   99.8894560785121     
  0.809000000000001     ,   100.112384107477     
  0.810000000000001     ,   99.8883045398523     
  0.811000000000001     ,   100.118153736222     
  0.812000000000001     ,   99.8874880979716     
  0.813000000000001     ,   100.111344674228     
  0.814000000000001     ,   99.8772150146356     
  0.815000000000001     ,   100.107456945792     
  0.816000000000001     ,   99.8758252467196     
  0.817000000000001     ,   100.111349600604     
  0.818000000000001     ,   99.8742911522188     
  0.819000000000001     ,   100.109956904304     
  0.820000000000001     ,   99.8726545614343     
  0.821000000000001     ,   100.107717168695     
  0.822000000000001     ,   99.8673423011914     
  0.823000000000001     ,   100.114260921180     
  0.824000000000001     ,   99.8804310476844     
  0.825000000000001     ,   100.123658124488     
  0.826000000000001     ,   99.8812524214214     
  0.827000000000001     ,   100.129794684710     
  0.828000000000001     ,   99.8873470242510     
  0.829000000000001     ,   100.136240915168     
  0.830000000000001     ,   99.8871918619333     
  0.831000000000001     ,   100.137544459772     
  0.832000000000001     ,   99.8826778382263     
  0.833000000000001     ,   100.133092991074     
  0.834000000000001     ,   99.8748736279701     
  0.835000000000001     ,   100.131661067699     
  0.836000000000001     ,   99.8743087997941     
  0.837000000000001     ,   100.132958480568     
  0.838000000000001     ,   99.8691265674113     
  0.839000000000001     ,   100.126892303728     
  0.840000000000001     ,   99.8632825543692     
  0.841000000000001     ,   100.127715153324     
  0.842000000000001     ,   99.8613886587672     
  0.843000000000001     ,   100.129002536904     
  0.844000000000001     ,   99.8619597138025     
  0.845000000000001     ,   100.128352278309     
  0.846000000000001     ,   99.8511069115780     
  0.847000000000001     ,   100.124438807516     
  0.848000000000001     ,   99.8491950259872     
  0.849000000000001     ,   100.122780222116     
  0.850000000000001     ,   99.8407630678616     
  0.851000000000001     ,   100.120997651544     
  0.852000000000001     ,   99.8392265236988     
  0.853000000000001     ,   100.126169801770     
  0.854000000000001     ,   99.8423446419897     
  0.855000000000001     ,   100.132637550491     
  0.856000000000001     ,   99.8464203077548     
  0.857000000000001     ,   100.140376078964     
  0.858000000000001     ,   99.8420480791368     
  0.859000000000001     ,   100.137997557747     
  0.860000000000001     ,   99.8448223439758     
  0.861000000000001     ,   100.149388366290     
  0.862000000000001     ,   99.8457194329669     
  0.863000000000001     ,   100.151298141365     
  0.864000000000001     ,   99.8432421558650     
  0.865000000000001     ,   100.149490523947     
  0.866000000000001     ,   99.8359814269288     
  0.867000000000001     ,   100.148539548413     
  0.868000000000001     ,   99.8329405152084     
  0.869000000000001     ,   100.152734980869     
  0.870000000000001     ,   99.8361026628425     
  0.871000000000001     ,   100.156754649969     
  0.872000000000001     ,   99.8318853769382     
  0.873000000000001     ,   100.159605366237     
  0.874000000000001     ,   99.8313139914590     
  0.875000000000001     ,   100.159200820625     
  0.876000000000001     ,   99.8268095783850     
  0.877000000000001     ,   100.164366570148     
  0.878000000000001     ,   99.8250978141108     
  0.879000000000001     ,   100.165659330237     
  0.880000000000001     ,   99.8251244408051     
  0.881000000000001     ,   100.170379225327     
  0.882000000000001     ,   99.8194867140427     
  0.883000000000001     ,   100.176089116546     
  0.884000000000001     ,   99.8229891117789     
  0.885000000000001     ,   100.179383513301     
  0.886000000000001     ,   99.8195874956535     
  0.887000000000001     ,   100.189504964329     
  0.888000000000001     ,   99.8187625953630     
  0.889000000000001     ,   100.191924780611     
  0.890000000000001     ,   99.8222154222603     
  0.891000000000001     ,   100.200552662716     
  0.892000000000001     ,   99.8153379303465     
  0.893000000000001     ,   100.203424231632     
  0.894000000000001     ,   99.8157359392738     
  0.895000000000001     ,   100.204217958027     
  0.896000000000001     ,   99.8133646474827     
  0.897000000000001     ,   100.218951419023     
  0.898000000000001     ,   99.8184130026202     
  0.899000000000001     ,   100.223173896537     
  0.900000000000001     ,   99.8152300749532     
  0.901000000000001     ,   100.227558206474     
  0.902000000000001     ,   99.8077604395089     
  0.903000000000001     ,   100.226396885540     
  0.904000000000001     ,   99.7999453483444     
  0.905000000000001     ,   100.230027937721     
  0.906000000000001     ,   99.7941455157805     
  0.907000000000001     ,   100.226926889396     
  0.908000000000001     ,   99.7810214009565     
  0.909000000000001     ,   100.227966770684     
  0.910000000000001     ,   99.7744321164583     
  0.911000000000001     ,   100.230415690687     
  0.912000000000001     ,   99.7704231145470     
  0.913000000000001     ,   100.239574020767     
  0.914000000000001     ,   99.7684271946716     
  0.915000000000001     ,   100.244591650339     
  0.916000000000001     ,   99.7564700243897     
  0.917000000000001     ,   100.243651917357     
  0.918000000000001     ,   99.7480309466136     
  0.919000000000001     ,   100.246939901388     
  0.920000000000001     ,   99.7368132570699     
  0.921000000000001     ,   100.251729289883     
  0.922000000000001     ,   99.7300798025027     
  0.923000000000001     ,   100.255638754043     
  0.924000000000001     ,   99.7211391848136     
  0.925000000000001     ,   100.262199914139     
  0.926000000000001     ,   99.7148869031932     
  0.927000000000001     ,   100.275752749989     
  0.928000000000001     ,   99.7152474836556     
  0.929000000000001     ,   100.285044684071     
  0.930000000000001     ,   99.7065276700155     
  0.931000000000001     ,   100.296811991069     
  0.932000000000001     ,   99.7009475593987     
  0.933000000000001     ,   100.303527890648     
  0.934000000000001     ,   99.6908939372339     
  0.935000000000001     ,   100.316364382466     
  0.936000000000001     ,   99.6856549936732     
  0.937000000000001     ,   100.327237790962     
  0.938000000000001     ,   99.6757062885730     
  0.939000000000001     ,   100.339884173252     
  0.940000000000001     ,   99.6656330778091     
  0.941000000000001     ,   100.350064514072     
  0.942000000000001     ,   99.6540916782860     
  0.943000000000001     ,   100.361816651008     
  0.944000000000001     ,   99.6401111238891     
  0.945000000000001     ,   100.377524039391     
  0.946000000000001     ,   99.6302410970991     
  0.947000000000001     ,   100.388040138143     
  0.948000000000001     ,   99.6148750319567     
  0.949000000000001     ,   100.411414419718     
  0.950000000000001     ,   99.6045312660496     
  0.951000000000001     ,   100.423888164418     
  0.952000000000001     ,   99.5861135807325     
  0.953000000000001     ,   100.441111698849     
  0.954000000000001     ,   99.5594645779509     
  0.955000000000001     ,   100.451082430298     
  0.956000000000001     ,   99.5382470818150     
  0.957000000000001     ,   100.472857594269     
  0.958000000000001     ,   99.5130972451537     
  0.959000000000001     ,   100.491229834430     
  0.960000000000001     ,   99.4854815917555     
  0.961000000000001     ,   100.511931571709     
  0.962000000000001     ,   99.4567551713097     
  0.963000000000001     ,   100.541316938976     
  0.964000000000001     ,   99.4314679374778     
  0.965000000000001     ,   100.574884324786     
  0.966000000000001     ,   99.3997911122297     
  0.967000000000001     ,   100.609897849342     
  0.968000000000001     ,   99.3618289718751     
  0.969000000000001     ,   100.647925450068     
  0.970000000000001     ,   99.3181662948783     
  0.971000000000001     ,   100.692579854926     
  0.972000000000001     ,   99.2695935249427     
  0.973000000000001     ,   100.745800934057     
  0.974000000000001     ,   99.2189926747475     
  0.975000000000001     ,   100.812977901972     
  0.976000000000001     ,   99.1559554725545     
  0.977000000000001     ,   100.878209059490     
  0.978000000000001     ,   99.0710749480534     
  0.979000000000001     ,   100.952776402705     
  0.980000000000001     ,   98.9712003711228     
  0.981000000000001     ,   101.050060191461     
  0.982000000000001     ,   98.8558289488248     
  0.983000000000001     ,   101.172266692794     
  0.984000000000001     ,   98.7159274174843     
  0.985000000000001     ,   101.330433696473     
  0.986000000000001     ,   98.5332210034960     
  0.987000000000001     ,   101.542468721244     
  0.988000000000001     ,   98.3028747221141     
  0.989000000000001     ,   101.822768692261     
  0.990000000000001     ,   97.9592514659067     
  0.991000000000001     ,   102.222038364322     
  0.992000000000001     ,   97.4505380629022     
  0.993000000000001     ,   102.861347310908     
  0.994000000000001     ,   96.6285456269462     
  0.995000000000001     ,   103.994084394844     
  0.996000000000001     ,   94.9679923396819     
  0.997000000000001     ,   106.598121128912     
  0.998000000000001     ,   90.2610927949892     
  0.999000000000001     ,   117.865896841264     
   1.00000000000000     , -1.245160789506980E-010
